{"count":1,"self":1265.3922304,"total":10416.8320567,"children":{"InitializeActuators":{"count":12,"self":0.0009973,"total":0.0009973,"children":null},"InitializeSensors":{"count":12,"self":0.0019954,"total":0.0019954,"children":null},"AgentSendState":{"count":4552651,"self":1528.1045503999999,"total":1998.444836,"children":{"CollectObservations":{"count":10926372,"self":25.7268032,"total":25.7268036,"children":null},"WriteActionMask":{"count":10926372,"self":10.329298399999999,"total":10.3292985,"children":null},"RequestDecision":{"count":10926372,"self":38.5857696,"total":434.28422789999996,"children":{"AgentInfo.ToProto":{"count":10926372,"self":37.4875392,"total":395.6984581,"children":{"GenerateSensorData":{"count":10926372,"self":298.0522496,"total":358.21091939999997,"children":{"RayPerceptionSensor.Perceive":{"count":21852744,"self":60.1586624,"total":60.1586624,"children":null}}}}}}}}},"DecideAction":{"count":4552651,"self":7094.370304,"total":7094.3700235,"children":null},"AgentAct":{"count":4552651,"self":57.590483199999994,"total":57.9141226,"children":{"AgentInfo.ToProto":{"count":7559,"self":0.0355937,"total":0.32363949999999997,"children":{"GenerateSensorData":{"count":7559,"self":0.2474594,"total":0.28804579999999996,"children":{"RayPerceptionSensor.Perceive":{"count":15118,"self":0.040586399999999995,"total":0.040586399999999995,"children":null}}}}}}},"AgentInfo.ToProto":{"count":13319,"self":0.0889625,"total":0.7068701,"children":{"GenerateSensorData":{"count":13319,"self":0.5238903,"total":0.6179076,"children":{"RayPerceptionSensor.Perceive":{"count":26638,"self":0.0940173,"total":0.0940173,"children":null}}}}}},"gauges":{"Asteriods.CumulativeReward":{"count":20878,"max":2.00003076,"min":-6.210631,"runningAverage":0.4465969,"value":1.16720867,"weightedAverage":1.53056753}},"metadata":{"timer_format_version":"0.1.0","start_time_seconds":"1642963618","unity_version":"2020.3.25f1","command_line_arguments":"E:\\Programs\\Unity\\2020.3.25f1\\2020.3.25f1\\Editor\\Unity.exe -projectpath C:\\Users\\ryanp\\Desktop\\workspace\\Unity\\SuperShapes\\Super Shapes -useHub -hubIPC -cloudEnvironment production -licensingIpc LicenseClient-Ws_dBoR1Pw1jIccuA34pi -hubSessionId fe850650-77a6-11ec-868d-01f49b4467c3 -accessToken YNfToMqutnt4xND1nQJdIB3flQ_8SPAzg2zvMxK9Rl8002f","communication_protocol_version":"1.5.0","com.unity.ml-agents_version":"2.0.1","scene_name":"Training Area","end_time_seconds":"1642974035"}}