{"count":1,"self":846.88184319999993,"total":6889.8942235999993,"children":{"InitializeActuators":{"count":12,"self":0.0009972,"total":0.0009972,"children":null},"InitializeSensors":{"count":12,"self":0.0039894,"total":0.0039894,"children":null},"AgentSendState":{"count":2872801,"self":1105.6951296,"total":1414.4294727,"children":{"CollectObservations":{"count":6894732,"self":16.1283296,"total":16.1283291,"children":null},"WriteActionMask":{"count":6894732,"self":6.7634896,"total":6.7634897,"children":null},"RequestDecision":{"count":6894732,"self":25.048199999999998,"total":285.8424755,"children":{"AgentInfo.ToProto":{"count":6894732,"self":24.857684799999998,"total":260.7942759,"children":{"GenerateSensorData":{"count":6894732,"self":193.1045888,"total":235.936591,"children":{"RayPerceptionSensor.Perceive":{"count":13789464,"self":42.8320064,"total":42.8320073,"children":null}}}}}}}}},"DecideAction":{"count":2872801,"self":4601.9854336,"total":4601.9854616,"children":null},"AgentAct":{"count":2872801,"self":26.215465599999998,"total":26.4470493,"children":{"AgentInfo.ToProto":{"count":5359,"self":0.0218105,"total":0.2315841,"children":{"GenerateSensorData":{"count":5359,"self":0.1811069,"total":0.20977359999999998,"children":{"RayPerceptionSensor.Perceive":{"count":10718,"self":0.0286667,"total":0.0286667,"children":null}}}}}}},"AgentInfo.ToProto":{"count":2923,"self":0.023614299999999998,"total":0.1444315,"children":{"GenerateSensorData":{"count":2923,"self":0.097084999999999991,"total":0.1208172,"children":{"RayPerceptionSensor.Perceive":{"count":5846,"self":0.0237322,"total":0.0237322,"children":null}}}}}},"gauges":{"Asteriods.CumulativeReward":{"count":8282,"max":0.99994123,"min":-1.49872851,"runningAverage":0.5253613,"value":0.99994123,"weightedAverage":0.802831}},"metadata":{"timer_format_version":"0.1.0","start_time_seconds":"1643019549","unity_version":"2020.3.25f1","command_line_arguments":"E:\\Programs\\Unity\\2020.3.25f1\\2020.3.25f1\\Editor\\Unity.exe -projectpath C:\\Users\\ryanp\\Desktop\\workspace\\Unity\\SuperShapes\\Super Shapes -useHub -hubIPC -cloudEnvironment production -licensingIpc LicenseClient-Ws_dBoR1Pw1jIccuA34pi -hubSessionId fe850650-77a6-11ec-868d-01f49b4467c3 -accessToken YNfToMqutnt4xND1nQJdIB3flQ_8SPAzg2zvMxK9Rl8002f","communication_protocol_version":"1.5.0","com.unity.ml-agents_version":"2.0.1","scene_name":"Training Area","end_time_seconds":"1643026439"}}